resseq,aa,x,y,z,region,label
35,S,63.561,13.357,35.068,other,S35
36,K,61.174,15.842,33.438,other,K36
37,V,58.9,18.0,35.581,other,V37
38,T,55.871,20.097,34.583,other,T38
39,T,54.69,23.074,36.635,other,T39
40,V,51.424,24.896,35.951,other,V40
41,V,49.323,27.539,37.692,other,V41
42,A,45.884,26.02,38.325,other,A42
43,T,42.612,26.994,40.004,other,T43
44,P,41.488,24.97,43.031,other,P44
45,G,38.601,22.618,42.299,other,G45
46,Q,36.263,24.067,44.913,other,Q46
47,G,38.115,26.286,47.379,other,G47
48,P,38.108,30.066,46.732,other,P48
49,D,39.878,31.063,43.493,other,D49
50,R,43.454,31.298,44.87,atp_cleft,R50
51,P,45.764,30.214,41.967,other,P51
52,Q,48.223,27.532,43.088,other,Q52
53,E,51.454,26.383,41.56,other,E53
54,V,51.205,22.657,40.825,other,V54
55,S,54.151,20.455,39.776,other,S55
56,Y,53.87,16.89,38.575,other,Y56
57,T,55.917,14.216,36.856,other,T57
58,D,55.505,10.933,34.947,other,D58
59,T,52.748,11.939,32.553,other,T59
60,K,51.619,8.585,31.151,other,K60
61,V,48.403,7.681,29.321,other,V61
62,I,45.799,5.582,31.121,other,I62
63,G,43.052,5.444,28.517,other,G63
64,N,40.052,7.193,26.949,other,N64
65,G,37.544,9.209,28.97,other,G65
66,S,34.462,10.595,27.225,other,S66
67,F,35.525,13.454,24.916,secondary_hotspot,F67
68,G,39.179,13.176,25.865,other,G68
69,V,42.204,11.323,27.141,other,V69
70,V,43.029,10.695,30.753,other,V70
71,Y,46.614,10.629,31.958,other,Y71
72,Q,48.184,9.571,35.194,other,Q72
73,A,50.749,11.763,36.94,other,A73
74,K,52.615,11.971,40.222,other,K74
75,L,52.488,15.187,42.242,other,L75
76,C,56.126,16.102,42.938,other,C76
77,D,55.734,17.14,46.572,other,D77
78,S,53.423,14.494,48.135,other,S78
79,G,54.438,11.987,45.483,other,G79
80,E,50.722,11.251,45.294,other,E80
81,L,49.101,10.043,42.081,other,L81
82,V,46.381,11.957,40.247,other,V82
83,A,44.506,11.695,36.978,other,A83
84,I,44.391,14.436,34.374,other,I84
85,K,41.553,14.424,31.862,atp_cleft,K85
86,K,42.554,16.537,28.872,other,K86
87,V,39.811,17.694,26.481,other,V87
88,L,39.515,20.093,23.564,other,L88
89,Q,37.954,23.378,24.673,secondary_hotspot,Q89
90,D,36.187,25.391,21.98,other,D90
91,K,36.096,29.042,23.134,other,K91
92,R,32.502,29.43,21.91,other,R92
93,F,31.05,27.798,25.049,other,F93
94,K,31.999,27.171,28.678,other,K94
95,N,32.692,23.548,29.69,secondary_hotspot,N95
96,R,29.58,21.883,31.162,primary_hotspot,R96
97,E,31.478,19.036,32.809,other,E97
98,L,33.699,21.57,34.526,other,L98
99,Q,30.831,23.645,35.872,other,Q99
100,I,29.147,20.535,37.202,other,I100
101,M,32.211,19.156,38.891,other,M101
102,R,33.256,22.414,40.537,other,R102
103,K,30.044,22.264,42.547,other,K103
104,L,30.517,18.646,43.659,other,L104
105,D,32.207,17.285,46.775,other,D105
106,H,31.204,13.788,47.985,other,H106
107,C,33.22,10.864,49.383,other,C107
108,N,32.022,8.595,46.548,other,N108
109,I,32.634,10.878,43.59,other,I109
110,V,35.917,11.688,41.923,other,V110
111,R,37.116,15.034,43.237,other,R111
112,L,38.191,17.851,40.924,other,L112
113,R,41.459,18.981,42.525,other,R113
114,Y,42.514,21.711,40.11,other,Y114
115,F,41.776,22.678,36.551,other,F115
116,F,43.927,24.704,34.217,other,F116
117,Y,44.225,25.44,30.511,other,Y117
118,S,47.069,24.417,28.202,other,S118
119,S,48.492,24.39,24.667,other,S119
120,G,48.03,22.151,21.647,other,G120
124,D,46.686,25.409,17.597,other,D124
125,E,43.853,24.761,20.074,other,E125
126,V,43.014,25.197,23.776,other,V126
127,Y,43.013,22.188,26.11,other,Y127
128,L,41.087,22.156,29.394,other,L128
129,N,42.848,20.007,31.988,other,N129
130,L,41.096,18.509,35.003,other,L130
131,V,43.228,17.174,37.823,other,V131
132,L,41.107,14.448,39.439,other,L132
133,D,41.559,11.824,42.153,atp_cleft,D133
134,Y,43.32,8.748,40.786,atp_cleft,Y134
135,V,41.815,5.334,41.53,atp_cleft,V135
136,P,43.58,2.037,40.512,other,P136
137,E,40.673,-0.199,39.418,other,E137
138,T,37.271,0.006,37.732,other,T138
139,V,34.251,-2.146,38.448,other,V139
140,Y,34.375,-3.216,34.825,other,Y140
141,R,37.823,-4.771,35.1,other,R141
142,V,37.144,-6.421,38.425,other,V142
143,A,33.789,-7.938,37.565,other,A143
144,R,35.534,-9.16,34.417,other,R144
145,H,38.306,-11.021,36.215,other,H145
146,Y,35.676,-12.928,38.168,other,Y146
147,S,33.613,-13.349,34.994,other,S147
148,R,36.242,-14.978,32.767,other,R148
149,A,37.045,-17.547,35.433,other,A149
150,K,33.456,-18.535,36.231,other,K150
151,Q,33.16,-16.912,39.677,other,Q151
152,T,30.913,-14.116,40.874,other,T152
153,L,31.935,-11.206,43.044,other,L153
154,P,31.341,-12.05,46.736,other,P154
155,V,28.012,-10.561,47.71,other,V155
156,I,29.531,-8.543,50.54,other,I156
157,Y,31.382,-6.544,47.877,other,Y157
158,V,28.261,-6.295,45.75,other,V158
159,K,26.613,-4.616,48.771,other,K159
160,L,29.482,-2.254,49.534,other,L160
161,Y,29.791,-1.204,45.899,other,Y161
162,M,26.107,-0.803,45.117,other,M162
163,Y,25.406,1.12,48.314,other,Y163
164,Q,28.116,3.643,47.587,other,Q164
165,L,26.955,4.055,44.027,other,L165
166,F,23.491,4.902,45.352,other,F166
167,R,24.782,7.438,47.826,other,R167
168,S,26.667,9.131,44.997,other,S168
169,L,23.449,9.216,42.967,other,L169
170,A,21.303,10.538,45.823,other,A170
171,Y,23.826,13.339,46.08,other,Y171
172,I,24.144,14.562,42.492,other,I172
173,H,20.396,14.09,41.968,other,H173
174,S,19.709,16.3,44.979,other,S174
175,F,21.207,19.077,42.796,other,F175
176,G,18.978,18.066,39.882,other,G176
177,I,21.96,16.588,38.014,other,I177
178,C,21.736,13.321,36.082,other,C178
179,H,24.927,11.386,35.227,other,H179
180,R,23.452,9.752,32.123,primary_hotspot,R180
181,D,26.211,7.159,31.693,other,D181
182,I,26.111,4.822,34.663,other,I182
183,K,27.934,1.654,33.615,other,K183
184,P,30.666,-0.523,35.261,other,P184
185,Q,33.429,1.34,33.452,other,Q185
186,N,32.575,4.612,35.23,other,N186
187,L,32.717,3.059,38.673,other,L187
188,L,36.201,3.305,40.207,other,L188
189,L,37.411,1.129,43.113,other,L189
190,D,40.256,1.092,45.548,other,D190
191,P,40.913,-2.656,46.106,other,P191
192,D,42.221,-2.348,49.679,other,D192
193,T,39.639,0.04,51.14,other,T193
194,A,36.575,-1.034,49.139,other,A194
195,V,35.852,2.608,48.432,other,V195
196,L,33.931,3.304,45.259,other,L196
197,K,33.91,6.574,43.318,other,K197
198,L,31.664,7.574,40.409,other,L198
199,C,33.488,9.208,37.511,other,C199
200,D,33.241,10.633,33.986,atp_cleft,D200
201,F,30.764,13.485,34.052,atp_cleft,F201
202,G,31.151,14.236,30.391,atp_cleft,G202
203,S,27.468,13.388,29.871,atp_cleft,S203
204,A,26.027,14.778,33.12,atp_cleft,A204
205,K,23.364,17.474,32.847,primary_hotspot,K205
206,Q,21.021,19.602,34.97,atp_cleft,Q206
207,L,17.574,18.195,34.05,other,L207
208,V,14.819,20.828,34.222,other,V208
209,R,11.137,19.812,34.231,other,R209
210,G,9.852,21.226,30.956,other,G210
211,E,13.082,21.318,28.946,other,E211
212,P,13.856,18.504,26.487,other,P212
213,N,16.949,16.313,26.524,other,N213
214,V,18.615,14.2,23.86,other,V214
215,S,17.775,10.509,24.106,other,S215
216,Y,20.919,9.142,22.516,other,Y216
217,I,22.926,9.307,25.737,other,I217
218,C,23.81,6.3,27.916,other,C218
219,S,25.73,3.113,26.869,other,S219
220,R,23.996,0.023,25.461,other,R220
221,Y,22.873,-2.569,28.059,other,Y221
222,Y,22.246,0.141,30.611,other,Y222
223,R,19.704,2.354,28.843,other,R223
224,A,16.308,2.707,30.514,other,A224
225,P,13.254,1.688,28.41,other,P225
226,E,12.061,5.279,27.944,other,E226
227,L,15.42,6.094,26.368,other,L227
228,I,15.095,3.182,23.945,other,I228
229,F,11.607,4.404,23.022,other,F229
230,G,13.223,7.747,22.154,other,G230
231,A,11.659,9.764,25.018,other,A231
232,T,12.988,13.296,25.527,other,T232
233,D,11.109,14.14,28.747,other,D233
234,Y,12.929,11.62,30.929,other,Y234
235,T,13.89,12.258,34.572,other,T235
236,S,16.88,11.293,36.707,other,S236
237,S,15.37,7.879,37.267,other,S237
238,I,17.236,6.718,34.166,other,I238
239,D,20.37,6.608,36.376,other,D239
240,V,18.53,4.291,38.739,other,V240
241,W,17.639,1.929,35.888,other,W241
242,S,21.304,1.899,34.881,other,S242
243,A,22.339,1.18,38.442,other,A243
244,G,19.777,-1.619,38.5,other,G244
245,C,21.511,-3.098,35.45,other,C245
246,V,24.888,-2.886,37.2,other,V246
247,L,23.579,-4.703,40.28,other,L247
248,A,21.943,-7.451,38.238,other,A248
249,E,25.148,-7.789,36.227,other,E249
250,L,27.296,-8.196,39.309,other,L250
251,L,24.994,-10.91,40.672,other,L251
252,L,24.603,-12.643,37.294,other,L252
253,G,28.148,-12.524,35.964,other,G253
254,Q,27.066,-10.94,32.666,other,Q254
255,P,24.81,-8.123,31.402,other,P255
256,I,21.155,-8.769,32.124,other,I256
257,F,19.711,-6.986,29.059,other,F257
258,P,22.15,-7.386,26.133,other,P258
259,G,21.433,-6.702,22.494,other,G259
260,D,23.055,-5.094,19.476,other,D260
261,S,19.884,-3.14,18.736,other,S261
262,G,17.077,-1.405,20.584,other,G262
263,V,14.755,-4.207,19.517,other,V263
264,D,16.937,-6.975,20.923,other,D264
265,Q,17.403,-5.165,24.213,other,Q265
266,L,13.633,-4.766,24.56,other,L266
267,V,13.072,-8.438,23.895,other,V267
268,E,15.432,-9.203,26.774,other,E268
269,I,13.728,-6.7,29.074,other,I269
270,I,10.32,-8.102,28.201,other,I270
271,K,11.422,-11.691,28.826,other,K271
272,V,11.924,-10.603,32.421,other,V272
273,L,9.496,-7.765,33.202,other,L273
274,G,6.727,-9.222,31.07,other,G274
275,T,5.006,-7.201,28.363,other,T275
276,P,4.392,-3.498,29.072,other,P276
277,T,0.757,-2.608,29.67,other,T277
278,R,-0.494,0.338,27.599,other,R278
279,E,-0.39,2.521,30.708,other,E279
280,Q,3.238,1.598,31.276,other,Q280
281,I,4.068,2.443,27.663,other,I281
282,R,2.412,5.836,28.088,other,R282
283,E,4.514,6.761,31.135,other,E283
284,M,7.707,5.872,29.249,other,M284
285,N,6.68,7.663,26.003,other,N285
293,F,6.095,-7.39,20.276,other,F293
294,P,5.249,-11.083,20.936,other,P294
295,Q,3.417,-10.662,24.249,other,Q295
296,I,5.035,-12.577,27.129,other,I296
297,K,4.064,-12.667,30.848,other,K297
298,A,5.582,-11.813,34.246,other,A298
299,H,8.874,-13.653,34.779,other,H299
300,P,9.494,-14.585,38.433,other,P300
301,W,12.89,-12.948,38.855,other,W301
302,T,14.184,-15.789,41.055,other,T302
303,K,14.422,-17.873,37.863,other,K303
304,V,16.85,-15.209,36.578,other,V304
305,F,19.597,-15.469,39.217,other,F305
306,R,21.634,-18.377,40.553,other,R306
307,P,20.067,-20.333,43.396,other,P307
308,R,21.838,-19.103,46.602,other,R308
309,T,21.218,-15.519,45.525,other,T309
310,P,19.668,-13.589,48.452,other,P310
311,P,15.952,-12.756,48.254,other,P311
312,E,16.746,-9.133,49.173,other,E312
313,A,19.018,-8.62,46.168,other,A313
314,I,16.309,-9.882,43.835,other,I314
315,A,13.696,-7.776,45.614,other,A315
316,L,15.845,-4.686,45.112,other,L316
317,C,16.4,-5.48,41.454,other,C317
318,S,12.695,-5.694,40.757,other,S318
319,R,12.123,-2.362,42.455,other,R319
320,L,14.823,-0.676,40.368,other,L320
321,L,14.144,-2.194,36.966,other,L321
322,E,10.605,-0.936,36.417,other,E322
323,Y,8.93,0.192,33.183,other,Y323
324,T,7.193,3.093,34.914,other,T324
325,P,9.904,5.675,35.666,other,P325
326,T,8.067,7.129,38.689,other,T326
327,A,7.75,3.657,40.225,other,A327
328,R,11.45,2.959,40.529,other,R328
329,L,12.954,3.548,43.98,other,L329
330,T,14.879,6.766,44.482,other,T330
331,P,18.621,6.529,45.211,other,P331
332,L,17.992,7.267,48.899,other,L332
333,E,15.126,4.801,49.124,other,E333
334,A,17.524,2.203,47.688,other,A334
335,C,20.202,2.752,50.316,other,C335
336,A,17.594,2.08,53.024,other,A336
337,H,16.546,-1.208,51.358,other,H337
338,S,16.943,-4.357,53.466,other,S338
339,F,19.524,-5.752,51.046,other,F339
340,F,21.943,-3.294,52.681,other,F340
341,D,21.024,-4.19,56.262,other,D341
342,E,24.29,-6.087,56.705,other,E342
343,L,26.245,-2.847,56.121,other,L343
344,R,24.389,-1.326,59.023,other,R344
345,D,25.542,-4.079,61.383,other,D345
346,P,28.086,-2.721,63.932,other,P346
347,N,30.311,-5.8,63.647,other,N347
348,V,30.51,-5.828,59.863,other,V348
349,K,34.1,-5.947,58.537,other,K349
350,L,35.786,-6.445,55.158,other,L350
351,P,36.985,-9.929,54.135,other,P351
352,N,40.546,-8.611,54.499,other,N352
353,G,39.951,-7.796,58.169,other,G353
354,R,39.69,-4.003,57.729,other,R354
355,D,36.756,-1.809,58.674,other,D355
356,T,34.176,-0.669,56.159,other,T356
357,P,34.514,2.789,54.552,other,P357
358,A,32.459,5.822,55.654,other,A358
359,L,28.83,4.873,54.989,other,L359
360,F,26.735,6.946,57.358,other,F360
361,N,28.28,10.401,57.249,other,N361
362,F,25.121,11.718,55.532,other,F362
363,T,24.632,15.486,55.093,other,T363
364,T,21.395,17.482,55.004,other,T364
365,Q,21.888,18.086,51.293,other,Q365
366,E,22.064,14.357,50.748,other,E366
367,L,18.893,13.61,52.701,other,L367
368,S,16.862,16.552,51.316,other,S368
369,S,15.135,14.099,48.996,other,S369
370,N,13.385,12.52,52.011,other,N370
371,P,14.666,13.467,55.55,other,P371
372,P,12.555,10.927,57.473,other,P372
373,L,14.829,8.221,56.022,other,L373
374,A,17.705,9.235,58.273,other,A374
375,T,16.114,7.083,60.96,other,T375
376,I,17.167,4.019,58.951,other,I376
377,L,20.087,5.314,56.996,other,L377
378,I,21.886,6.256,60.198,other,I378
379,P,22.093,3.164,62.428,other,P379
380,P,21.966,3.476,66.274,other,P380
381,H,25.671,2.861,66.876,other,H381
382,A,26.375,5.709,64.465,other,A382
383,R,24.427,7.993,66.808,other,R383
384,I,26.254,7.16,70.032,other,I384
385,Q,27.429,10.443,71.642,other,Q385
386,A,31.196,11.013,71.739,other,A386
